{"schemaVersion":"1.0","appDefinitionTemplate":{"id":"/providers/Microsoft.PowerApps/apps/","type":"Microsoft.PowerApps/apps","tags":{"primaryDeviceWidth":"640","primaryDeviceHeight":"1136","sienaVersion":"20200908T151210Z-3.20084.9.0","deviceCapabilities":"webcam","supportsPortrait":"true","supportsLandscape":"false","primaryFormFactor":"Phone","publisherVersion":"3.20084.9","minimumRequiredApiVersion":"2.2.0","hasComponent":"false","hasUnlockedComponent":"false","isUnifiedRootApp":"false"},"properties":{"appVersion":"2020-09-08T15:12:10Z","lifeCycleId":"Published","createdByClientVersion":{"major":3,"minor":20084,"build":9,"revision":0,"majorRevision":0,"minorRevision":0},"minClientVersion":{"major":3,"minor":20084,"build":9,"revision":0,"majorRevision":0,"minorRevision":0},"backgroundColor":"rgba(105, 180, 69, 1)","backgroundImageUri":"/5934483123733316477/N2c846793-4280-444e-8cc6-e5473eda4214-logoSmallFile","displayName":"Silicon Wafer Market","description":"Provides a highly customizable wafer strategy for users, while also integrating information from wafer foundries. User-defined fields and a custom sample catalogue make it easy to deliver quick. This app will open with sample data.","commitMessage":"","appUris":{"documentUri":{"value":"/5934483123733316477/N2b622c87-f49d-4085-a904-7985747aeec2-document.msapp","readonlyValue":"/5934483123733316477/N2b622c87-f49d-4085-a904-7985747aeec2-document.msapp"},"imageUris":[]},"createdTime":"0001-01-01T00:00:00Z","lastModifiedTime":"0001-01-01T00:00:00Z","sharedGroupsCount":0,"sharedUsersCount":0,"icons":{"smallIconUri":"/5934483123733316477/N2e0ba018-404e-47cb-a759-3dac00cf3b23-small.png","mediumIconUri":"/5934483123733316477/N7a5e29a8-b1ab-4bf5-af90-c49f4b43b984-medium.png","largeIconUri":"/5934483123733316477/N441df091-d5ba-4f08-9dcc-cb44ca80a21d-large.png","wideIconUri":"/5934483123733316477/N2aa686da-dbee-4218-bba6-22e91a63540e-wide.png"},"connectionReferences":{"e3e9f303-160b-431a-883b-ddb6844c6064":{"id":"381c16d0-9e55-402d-ab09-4929f0230b72","displayName":"Excel","iconUri":"https://connectoricons-prod.azureedge.net/excel/icon_1.0.1352.2014.png","dataSources":["表2","表2_1","表_3"],"dependencies":["62e448b2-0af4-4733-ad01-eed78ecd29d8"],"dependents":[],"parameterHints":{"62e448b2-0af4-4733-ad01-eed78ecd29d8":{"value":"fileSource"}},"isOnPremiseConnection":false,"dataSets":{"b!PU2tES58OUC7J5Lt0yf_Eo0OIJXQvwVJqKmO2Qs-O-AiE8LjRnAhRZbivWL94a-C.01JECQO2U56PRPYJOUPJELRKK22HYZFBYW":{"dataSources":{"表2":{"tableName":"表2"},"表2_1":{"tableName":"表2"},"表_3":{"tableName":"表_3"}}}},"apiTier":"Standard","isCustomApiConnection":false},"62e448b2-0af4-4733-ad01-eed78ecd29d8":{"id":"024ca24e-e939-44d4-91c6-f36379985446","displayName":"OneDrive for Business","iconUri":"https://connectoricons-prod.azureedge.net/onedriveforbusiness/icon_1.0.1341.1987.png","dataSources":[],"dependencies":[],"dependents":["e3e9f303-160b-431a-883b-ddb6844c6064"],"parameterHints":{},"isOnPremiseConnection":false,"dataSets":{},"apiTier":"Standard","isCustomApiConnection":false}},"databaseReferences":{},"almMode":"Environment","performanceOptimizationEnabled":true,"canConsumeAppPass":true},"isAppComponentLibrary":false,"appType":"ClassicCanvasApp","appComponents":[]}}